<?xml version="1.0" encoding="UTF-8"?>
<project-private xmlns="http://www.netbeans.org/ns/project-private/1">
    <editor-bookmarks xmlns="http://www.netbeans.org/ns/editor-bookmarks/2" lastBookmarkId="0"/>
    <open-files xmlns="http://www.netbeans.org/ns/projectui-open-files/2">
        <group>
            <file>file:/C:/Users/angulo.jorge/Documents/Datu-Atzipena/datu-atzipena-imadariaga/UD1/2020-11-05Jorge/HistorialGehiago.csv</file>
            <file>file:/C:/Users/angulo.jorge/Documents/Datu-Atzipena/datu-atzipena-imadariaga/UD1/2020-11-05Jorge/src/HistorialakKudeatu.java</file>
            <file>file:/C:/Users/angulo.jorge/Documents/Datu-Atzipena/datu-atzipena-imadariaga/UD1/2020-11-05Jorge/Historialak.xml</file>
        </group>
    </open-files>
</project-private>
